ID_TEM, dataInizio, dataFine, durataEsposizione
1, '2019-10-15 22:12:07', '2019-10-15 22:47:07', 35
2, '2020-03-28 19:19:16', '2020-03-28 19:47:16', 28
3, '2019-07-26 19:28:05', '2019-07-26 20:32:05', 64
4, '2020-01-10 17:00:58', '2020-01-10 18:35:58', 95
5, '2019-07-17 00:03:34', '2019-07-17 00:46:34', 43
6, '2020-04-28 21:54:56', '2020-04-28 23:28:56', 94
7, '2019-11-12 02:39:23', '2019-11-12 04:17:23', 98
8, '2020-04-11 23:38:10', '2020-04-11 23:50:10', 12
9, '2020-01-18 11:53:18', '2020-01-18 12:36:18', 43
10, '2020-02-13 10:18:29', '2020-02-13 10:28:29', 10
11, '2019-09-08 08:47:17', '2019-09-08 09:42:17', 55
12, '2020-05-17 00:17:43', '2020-05-17 01:54:43', 97
13, '2020-06-28 01:28:58', '2020-06-28 01:39:58', 11
14, '2019-10-15 11:17:35', '2019-10-15 11:34:35', 17
15, '2020-05-21 14:36:21', '2020-05-21 16:03:21', 87
16, '2019-08-28 02:09:40', '2019-08-28 02:18:40', 9
17, '2019-09-26 15:04:35', '2019-09-26 15:53:35', 49
18, '2020-03-12 22:44:18', '2020-03-12 22:47:18', 3
19, '2019-11-16 04:00:52', '2019-11-16 04:13:52', 13
20, '2019-11-06 22:23:34', '2019-11-06 22:25:34', 2
21, '2019-10-03 18:46:54', '2019-10-03 19:16:54', 30
22, '2019-08-15 13:07:09', '2019-08-15 14:46:09', 99
23, '2020-05-10 18:43:24', '2020-05-10 19:28:24', 45
24, '2019-05-01 14:00:37', '2019-05-01 15:24:37', 84
25, '2020-05-13 03:29:03', '2020-05-13 03:37:03', 8
26, '2020-04-25 17:29:32', '2020-04-25 18:49:32', 80
27, '2020-02-28 18:27:54', '2020-02-28 19:44:54', 77
28, '2019-09-02 21:12:23', '2019-09-02 21:38:23', 26
29, '2019-10-26 04:08:09', '2019-10-26 05:00:09', 52
30, '2020-06-22 08:44:46', '2020-06-22 09:53:46', 69
31, '2019-09-18 07:10:38', '2019-09-18 08:28:38', 78
32, '2020-01-10 13:41:01', '2020-01-10 14:27:01', 46
33, '2020-04-11 19:09:53', '2020-04-11 20:30:53', 81
34, '2019-10-06 07:50:18', '2019-10-06 09:03:18', 73
35, '2020-02-24 11:07:27', '2020-02-24 11:23:27', 16
36, '2019-06-30 23:05:16', '2019-07-01 00:34:16', 89
37, '2020-05-03 13:45:49', '2020-05-03 14:20:49', 35
38, '2019-06-12 14:56:36', '2019-06-12 16:36:36', 100
39, '2020-04-25 17:12:20', '2020-04-25 17:21:20', 9
40, '2019-07-24 13:45:38', '2019-07-24 15:09:38', 84
41, '2019-10-20 11:59:55', '2019-10-20 12:36:55', 37
42, '2020-03-06 22:57:36', '2020-03-06 23:59:36', 62
43, '2019-06-27 10:36:01', '2019-06-27 11:12:01', 36
44, '2020-04-05 01:37:03', '2020-04-05 03:15:03', 98
45, '2020-04-13 12:38:34', '2020-04-13 12:56:34', 18
46, '2020-05-28 01:49:26', '2020-05-28 02:35:26', 46
47, '2020-02-08 12:38:31', '2020-02-08 13:55:31', 77
48, '2020-04-30 06:35:47', '2020-04-30 06:41:47', 6
49, '2020-01-18 14:21:24', '2020-01-18 14:36:24', 15
50, '2019-07-22 23:01:42', '2019-07-22 23:33:42', 32
51, '2020-04-08 15:21:15', '2020-04-08 15:40:15', 19
52, '2019-09-24 03:54:53', '2019-09-24 04:47:53', 53
53, '2020-05-29 14:32:31', '2020-05-29 14:47:31', 15
54, '2019-09-03 15:11:05', '2019-09-03 16:12:05', 61
55, '2020-01-06 09:14:47', '2020-01-06 09:51:47', 37
56, '2019-10-15 05:12:17', '2019-10-15 06:38:17', 86
57, '2020-03-04 20:22:57', '2020-03-04 21:01:57', 39
58, '2020-05-26 05:50:03', '2020-05-26 06:55:03', 65
59, '2020-04-03 22:24:26', '2020-04-03 22:40:26', 16
60, '2019-07-03 09:00:35', '2019-07-03 09:39:35', 39
61, '2020-06-23 06:13:21', '2020-06-23 06:27:21', 14
62, '2019-04-20 18:40:36', '2019-04-20 19:43:36', 63
63, '2019-04-14 17:49:22', '2019-04-14 18:19:22', 30
64, '2019-06-26 04:13:48', '2019-06-26 05:43:48', 90
65, '2020-06-26 12:59:24', '2020-06-26 14:39:24', 100
66, '2019-08-14 18:48:54', '2019-08-14 20:03:54', 75
67, '2020-05-28 06:06:56', '2020-05-28 06:34:56', 28
68, '2020-03-23 00:16:51', '2020-03-23 00:19:51', 3
69, '2020-06-15 17:33:30', '2020-06-15 17:58:30', 25
70, '2020-03-23 16:51:57', '2020-03-23 17:49:57', 58
71, '2020-05-18 23:07:02', '2020-05-18 23:44:02', 37
72, '2020-06-24 14:44:07', '2020-06-24 16:19:07', 95
73, '2019-04-27 09:25:32', '2019-04-27 09:47:32', 22
74, '2019-06-16 14:15:29', '2019-06-16 15:29:29', 74
75, '2020-02-25 21:22:01', '2020-02-25 22:44:01', 82
76, '2020-04-25 05:58:03', '2020-04-25 07:16:03', 78
77, '2019-07-24 13:12:47', '2019-07-24 14:00:47', 48
78, '2020-04-14 11:52:53', '2020-04-14 12:57:53', 65
79, '2019-05-18 20:53:20', '2019-05-18 21:01:20', 8
80, '2020-02-18 17:29:33', '2020-02-18 17:56:33', 27
81, '2020-02-09 14:52:42', '2020-02-09 16:10:42', 78
82, '2020-04-26 23:30:11', '2020-04-27 00:42:11', 72
83, '2020-04-27 11:08:41', '2020-04-27 11:54:41', 46
84, '2020-06-17 07:32:57', '2020-06-17 07:53:57', 21
85, '2019-12-19 03:13:56', '2019-12-19 04:01:56', 48
86, '2020-01-11 06:55:45', '2020-01-11 07:38:45', 43
87, '2019-12-11 18:41:07', '2019-12-11 19:12:07', 31
88, '2020-02-21 18:18:49', '2020-02-21 19:01:49', 43
89, '2019-09-26 14:54:21', '2019-09-26 16:32:21', 98
90, '2019-07-17 23:20:57', '2019-07-18 00:54:57', 94
91, '2019-08-29 09:29:58', '2019-08-29 10:20:58', 51
92, '2019-11-21 11:04:32', '2019-11-21 12:25:32', 81
93, '2019-11-27 06:30:22', '2019-11-27 07:32:22', 62
94, '2020-06-05 22:49:43', '2020-06-05 23:02:43', 13
95, '2019-06-09 07:21:56', '2019-06-09 08:35:56', 74
96, '2020-05-13 13:38:06', '2020-05-13 15:05:06', 87
97, '2019-05-07 23:47:14', '2019-05-08 00:16:14', 29
98, '2019-08-07 02:51:50', '2019-08-07 03:27:50', 36
99, '2019-12-18 07:02:30', '2019-12-18 08:31:30', 89
100, '2020-04-27 15:11:54', '2020-04-27 15:17:54', 6
101, '2019-10-08 10:13:02', '2019-10-08 11:01:02', 48
102, '2019-11-15 14:59:02', '2019-11-15 15:14:02', 15
103, '2019-12-02 17:01:40', '2019-12-02 18:41:40', 100
104, '2019-04-19 23:39:37', '2019-04-20 01:06:37', 87
105, '2020-05-03 02:26:14', '2020-05-03 03:49:14', 83
106, '2019-06-19 09:03:47', '2019-06-19 09:24:47', 21
107, '2020-05-08 13:33:41', '2020-05-08 14:46:41', 73
108, '2019-09-30 23:36:18', '2019-10-01 00:11:18', 35
109, '2020-02-10 08:33:02', '2020-02-10 09:22:02', 49
110, '2019-10-11 02:54:38', '2019-10-11 03:13:38', 19
111, '2020-06-08 00:59:21', '2020-06-08 01:51:21', 52
112, '2020-04-21 00:31:38', '2020-04-21 01:08:38', 37
113, '2019-07-13 10:33:12', '2019-07-13 11:17:12', 44
114, '2019-08-27 22:32:11', '2019-08-27 22:54:11', 22
115, '2020-04-28 08:28:10', '2020-04-28 09:10:10', 42
116, '2019-04-26 15:38:20', '2019-04-26 17:04:20', 86
117, '2019-08-28 10:29:50', '2019-08-28 12:00:50', 91
118, '2019-06-13 09:23:33', '2019-06-13 09:26:33', 3
119, '2019-08-12 15:17:01', '2019-08-12 16:40:01', 83
120, '2020-02-26 12:17:09', '2020-02-26 12:52:09', 35
121, '2020-01-25 12:27:03', '2020-01-25 12:50:03', 23
122, '2019-07-27 06:09:58', '2019-07-27 07:15:58', 66
123, '2019-11-23 18:32:37', '2019-11-23 20:09:37', 97
124, '2019-12-25 06:08:46', '2019-12-25 06:33:46', 25
125, '2020-06-18 01:52:06', '2020-06-18 03:06:06', 74
126, '2020-04-09 14:05:13', '2020-04-09 15:43:13', 98
127, '2020-06-03 08:25:44', '2020-06-03 09:57:44', 92
128, '2019-07-31 23:45:17', '2019-08-01 00:58:17', 73
129, '2019-09-14 09:25:40', '2019-09-14 10:17:40', 52
130, '2019-10-18 13:56:25', '2019-10-18 14:22:25', 26
131, '2020-05-06 11:29:51', '2020-05-06 11:34:51', 5
132, '2019-08-13 20:16:21', '2019-08-13 21:31:21', 75
133, '2019-05-07 17:16:33', '2019-05-07 17:53:33', 37
134, '2019-08-23 08:14:44', '2019-08-23 09:12:44', 58
135, '2019-07-29 00:50:56', '2019-07-29 01:37:56', 47
136, '2020-06-06 20:28:34', '2020-06-06 20:47:34', 19
137, '2020-06-20 04:54:47', '2020-06-20 05:14:47', 20
138, '2019-09-13 15:54:13', '2019-09-13 16:10:13', 16
139, '2019-04-28 20:00:03', '2019-04-28 21:14:03', 74
140, '2019-08-26 00:56:55', '2019-08-26 02:03:55', 67
141, '2019-08-24 16:39:07', '2019-08-24 17:58:07', 79
142, '2020-03-30 02:50:39', '2020-03-30 03:37:39', 47
143, '2019-04-14 06:37:45', '2019-04-14 06:48:45', 11
144, '2020-02-21 22:09:51', '2020-02-21 23:49:51', 100
145, '2020-05-07 18:03:04', '2020-05-07 18:37:04', 34
146, '2019-04-24 19:46:14', '2019-04-24 21:17:14', 91
147, '2020-01-30 11:05:56', '2020-01-30 12:13:56', 68
148, '2020-03-01 13:08:52', '2020-03-01 13:11:52', 3
149, '2020-02-17 16:53:04', '2020-02-17 18:24:04', 91
150, '2020-02-22 11:06:53', '2020-02-22 11:54:53', 48
151, '2020-02-19 21:53:23', '2020-02-19 21:59:23', 6
152, '2020-03-02 04:50:45', '2020-03-02 05:32:45', 42
153, '2019-10-06 07:21:13', '2019-10-06 07:28:13', 7
154, '2019-12-06 02:12:46', '2019-12-06 03:46:46', 94
155, '2019-11-06 21:27:41', '2019-11-06 22:08:41', 41
156, '2019-10-18 16:32:44', '2019-10-18 18:10:44', 98
157, '2019-12-11 14:02:25', '2019-12-11 14:11:25', 9
158, '2020-02-13 07:52:15', '2020-02-13 09:23:15', 91
159, '2019-10-25 06:24:32', '2019-10-25 07:57:32', 93
160, '2019-06-18 18:33:43', '2019-06-18 18:45:43', 12
161, '2019-10-22 16:22:01', '2019-10-22 16:57:01', 35
162, '2019-06-16 11:01:36', '2019-06-16 11:06:36', 5
163, '2020-06-14 08:48:19', '2020-06-14 09:37:19', 49
164, '2019-08-08 23:02:26', '2019-08-09 00:41:26', 99
165, '2019-05-25 02:48:34', '2019-05-25 02:53:34', 5
166, '2019-10-06 06:35:31', '2019-10-06 07:39:31', 64
167, '2020-03-28 10:13:37', '2020-03-28 10:14:37', 1
168, '2019-11-12 06:02:25', '2019-11-12 07:28:25', 86
169, '2019-04-26 18:26:23', '2019-04-26 18:50:23', 24
170, '2019-07-27 09:27:50', '2019-07-27 10:39:50', 72
171, '2020-01-02 10:01:38', '2020-01-02 10:05:38', 4
172, '2019-06-10 23:25:18', '2019-06-10 23:33:18', 8
173, '2019-10-15 07:42:01', '2019-10-15 07:50:01', 8
174, '2019-09-22 20:24:16', '2019-09-22 20:55:16', 31
175, '2019-05-09 14:13:37', '2019-05-09 15:31:37', 78
176, '2020-01-23 08:07:26', '2020-01-23 09:26:26', 79
177, '2020-02-23 15:58:08', '2020-02-23 17:09:08', 71
178, '2019-08-27 12:40:23', '2019-08-27 14:12:23', 92
179, '2020-04-09 00:51:28', '2020-04-09 02:09:28', 78
180, '2019-10-18 02:36:31', '2019-10-18 04:03:31', 87
181, '2019-09-19 10:37:30', '2019-09-19 10:43:30', 6
182, '2019-08-08 17:54:05', '2019-08-08 19:21:05', 87
183, '2019-08-11 18:44:24', '2019-08-11 19:14:24', 30
184, '2019-07-21 22:29:32', '2019-07-21 23:00:32', 31
185, '2020-04-24 03:25:33', '2020-04-24 03:58:33', 33
186, '2019-05-24 17:13:25', '2019-05-24 17:51:25', 38
187, '2020-06-27 00:13:37', '2020-06-27 00:55:37', 42
188, '2019-12-25 22:35:41', '2019-12-25 23:42:41', 67
189, '2020-01-19 03:44:26', '2020-01-19 05:17:26', 93
190, '2019-04-27 17:38:47', '2019-04-27 19:18:47', 100
191, '2019-06-22 16:08:21', '2019-06-22 17:23:21', 75
192, '2019-04-25 16:54:53', '2019-04-25 17:58:53', 64
193, '2019-12-11 13:39:12', '2019-12-11 14:06:12', 27
194, '2019-06-27 08:30:35', '2019-06-27 09:21:35', 51
195, '2019-05-07 17:09:09', '2019-05-07 17:27:09', 18
196, '2019-12-21 12:58:46', '2019-12-21 14:09:46', 71
197, '2019-11-07 18:22:03', '2019-11-07 18:47:03', 25
198, '2019-04-13 10:40:33', '2019-04-13 11:02:33', 22
199, '2020-06-09 18:32:57', '2020-06-09 19:38:57', 66
200, '2020-03-03 23:36:56', '2020-03-04 00:19:56', 43
201, '2020-05-02 08:21:35', '2020-05-02 09:18:35', 57
202, '2020-04-08 10:38:26', '2020-04-08 10:55:26', 17
203, '2019-04-20 05:14:58', '2019-04-20 06:42:58', 88
204, '2019-06-12 08:38:50', '2019-06-12 10:03:50', 85
205, '2020-05-08 02:06:20', '2020-05-08 02:59:20', 53
206, '2019-08-08 13:20:58', '2019-08-08 13:27:58', 7
207, '2020-06-02 17:58:23', '2020-06-02 18:44:23', 46
208, '2020-01-15 12:34:55', '2020-01-15 13:21:55', 47
209, '2019-10-17 21:07:13', '2019-10-17 22:08:13', 61
210, '2019-07-13 19:02:41', '2019-07-13 19:58:41', 56
211, '2019-08-03 23:13:09', '2019-08-04 00:29:09', 76
212, '2019-09-28 12:43:00', '2019-09-28 13:54:00', 71
213, '2019-04-17 22:58:23', '2019-04-17 23:02:23', 4
214, '2019-08-19 13:22:13', '2019-08-19 13:51:13', 29
215, '2020-06-06 15:42:17', '2020-06-06 17:09:17', 87
216, '2020-03-17 21:41:42', '2020-03-17 23:16:42', 95
217, '2020-04-18 04:48:47', '2020-04-18 06:11:47', 83
218, '2019-08-03 22:51:08', '2019-08-03 23:28:08', 37
219, '2019-06-19 21:02:28', '2019-06-19 22:20:28', 78
220, '2020-03-19 18:29:00', '2020-03-19 19:58:00', 89
221, '2020-01-07 17:47:54', '2020-01-07 19:03:54', 76
222, '2020-04-18 11:09:16', '2020-04-18 11:35:16', 26
223, '2019-04-08 01:56:25', '2019-04-08 03:01:25', 65
224, '2019-11-04 21:23:08', '2019-11-04 21:30:08', 7
225, '2020-02-03 03:08:16', '2020-02-03 03:45:16', 37
226, '2020-02-17 15:00:38', '2020-02-17 15:37:38', 37
227, '2020-05-20 05:08:41', '2020-05-20 05:58:41', 50
228, '2019-05-24 20:25:35', '2019-05-24 21:55:35', 90
229, '2020-01-24 03:30:27', '2020-01-24 04:39:27', 69
230, '2020-01-22 08:55:02', '2020-01-22 10:04:02', 69
231, '2019-07-10 23:20:06', '2019-07-11 00:38:06', 78
232, '2020-05-13 09:31:39', '2020-05-13 10:46:39', 75
233, '2019-08-19 16:46:18', '2019-08-19 17:34:18', 48
234, '2019-12-15 13:10:38', '2019-12-15 13:41:38', 31
235, '2019-10-20 00:53:03', '2019-10-20 01:14:03', 21
236, '2019-11-12 15:47:57', '2019-11-12 16:38:57', 51
237, '2019-05-16 06:33:58', '2019-05-16 07:19:58', 46
238, '2020-04-09 18:18:59', '2020-04-09 18:38:59', 20
239, '2019-11-18 18:44:38', '2019-11-18 19:04:38', 20
240, '2019-07-04 04:51:17', '2019-07-04 05:37:17', 46
241, '2019-05-27 09:05:08', '2019-05-27 09:12:08', 7
242, '2019-11-09 23:38:07', '2019-11-09 23:42:07', 4
243, '2020-03-06 01:35:38', '2020-03-06 02:14:38', 39
244, '2019-08-06 11:27:54', '2019-08-06 11:35:54', 8
245, '2020-05-05 13:22:40', '2020-05-05 13:45:40', 23
246, '2019-10-18 02:19:27', '2019-10-18 02:23:27', 4
247, '2020-01-04 09:13:47', '2020-01-04 10:18:47', 65
248, '2019-12-01 12:22:23', '2019-12-01 13:49:23', 87
249, '2019-05-10 20:25:12', '2019-05-10 21:32:12', 67
250, '2019-08-17 20:00:45', '2019-08-17 20:40:45', 40
251, '2019-06-22 11:12:43', '2019-06-22 12:45:43', 93
252, '2019-12-10 23:13:52', '2019-12-10 23:16:52', 3
253, '2020-04-19 09:04:43', '2020-04-19 09:41:43', 37
254, '2020-06-10 20:13:34', '2020-06-10 20:48:34', 35
255, '2019-07-23 11:44:55', '2019-07-23 11:51:55', 7
256, '2019-12-10 01:57:05', '2019-12-10 03:25:05', 88
257, '2020-06-05 19:49:20', '2020-06-05 21:22:20', 93
258, '2020-03-29 02:29:57', '2020-03-29 02:37:57', 8
259, '2020-01-17 23:08:15', '2020-01-17 23:30:15', 22
260, '2019-10-12 00:39:15', '2019-10-12 02:00:15', 81
261, '2019-08-23 04:16:49', '2019-08-23 05:33:49', 77
262, '2019-04-15 06:48:49', '2019-04-15 08:07:49', 79
263, '2019-11-28 13:13:44', '2019-11-28 14:43:44', 90
264, '2019-08-18 08:27:17', '2019-08-18 08:44:17', 17
265, '2019-08-22 21:58:47', '2019-08-22 22:39:47', 41
266, '2019-06-09 07:36:27', '2019-06-09 08:51:27', 75
267, '2019-06-04 23:51:26', '2019-06-05 00:31:26', 40
268, '2020-03-02 09:25:02', '2020-03-02 09:36:02', 11
269, '2019-12-22 19:00:19', '2019-12-22 20:30:19', 90
270, '2020-02-24 22:39:31', '2020-02-24 23:20:31', 41
271, '2019-04-10 12:24:29', '2019-04-10 12:34:29', 10
272, '2020-02-09 08:00:21', '2020-02-09 08:43:21', 43
273, '2019-08-03 09:27:11', '2019-08-03 10:59:11', 92
274, '2019-05-25 11:11:11', '2019-05-25 11:17:11', 6
275, '2019-06-12 18:06:20', '2019-06-12 18:24:20', 18
276, '2019-05-19 08:32:06', '2019-05-19 09:52:06', 80
277, '2019-10-28 18:08:46', '2019-10-28 18:11:46', 3
278, '2019-06-05 14:44:28', '2019-06-05 15:33:28', 49
279, '2019-09-03 19:58:50', '2019-09-03 20:13:50', 15
280, '2020-02-17 23:02:26', '2020-02-17 23:13:26', 11
281, '2019-05-04 08:06:55', '2019-05-04 08:18:55', 12
282, '2019-09-28 19:52:37', '2019-09-28 20:05:37', 13
283, '2019-12-24 18:06:50', '2019-12-24 19:42:50', 96
284, '2020-06-21 23:42:42', '2020-06-21 23:51:42', 9
285, '2019-08-07 02:49:21', '2019-08-07 03:59:21', 70
286, '2019-08-23 19:56:54', '2019-08-23 21:04:54', 68
287, '2019-09-16 04:46:38', '2019-09-16 06:22:38', 96
288, '2020-01-09 16:14:09', '2020-01-09 16:34:09', 20
289, '2019-06-28 14:59:14', '2019-06-28 15:36:14', 37
290, '2019-04-10 13:52:04', '2019-04-10 14:33:04', 41
291, '2019-11-03 03:54:39', '2019-11-03 05:08:39', 74
292, '2019-12-25 17:56:38', '2019-12-25 18:31:38', 35
293, '2020-06-17 05:33:00', '2020-06-17 06:20:00', 47
294, '2020-02-04 08:56:36', '2020-02-04 10:09:36', 73
295, '2020-05-26 08:48:39', '2020-05-26 09:01:39', 13
296, '2019-04-29 08:50:59', '2019-04-29 08:54:59', 4
297, '2020-02-12 23:53:25', '2020-02-13 00:38:25', 45
298, '2020-04-12 08:55:12', '2020-04-12 09:02:12', 7
299, '2019-10-31 01:06:02', '2019-10-31 01:13:02', 7
300, '2020-06-21 04:00:42', '2020-06-21 04:30:42', 30
301, '2019-04-15 05:58:52', '2019-04-15 06:35:52', 37
302, '2019-06-29 15:29:26', '2019-06-29 16:53:26', 84
303, '2019-11-12 23:03:01', '2019-11-12 23:53:01', 50
304, '2020-02-06 06:12:47', '2020-02-06 07:30:47', 78
305, '2019-11-23 07:21:18', '2019-11-23 07:53:18', 32
306, '2019-11-26 20:46:16', '2019-11-26 20:49:16', 3
307, '2020-05-22 21:48:56', '2020-05-22 23:24:56', 96
308, '2019-06-24 04:07:48', '2019-06-24 04:15:48', 8
309, '2020-03-26 11:07:14', '2020-03-26 11:17:14', 10
310, '2019-11-24 08:57:51', '2019-11-24 09:21:51', 24
311, '2019-04-08 05:02:45', '2019-04-08 06:19:45', 77
312, '2019-12-08 05:17:06', '2019-12-08 06:51:06', 94
313, '2019-12-01 04:17:24', '2019-12-01 05:51:24', 94
314, '2019-04-07 02:35:04', '2019-04-07 03:39:04', 64
315, '2019-06-08 05:28:52', '2019-06-08 05:45:52', 17
316, '2020-04-16 20:57:29', '2020-04-16 21:23:29', 26
317, '2019-10-31 19:40:06', '2019-10-31 21:13:06', 93
318, '2020-01-23 13:44:24', '2020-01-23 14:03:24', 19
319, '2019-04-22 04:59:49', '2019-04-22 05:14:49', 15
320, '2020-01-11 14:17:39', '2020-01-11 14:54:39', 37
321, '2019-09-24 12:27:30', '2019-09-24 14:03:30', 96
322, '2020-01-30 23:00:49', '2020-01-31 00:14:49', 74
323, '2020-04-08 05:56:57', '2020-04-08 06:01:57', 5
324, '2019-06-29 07:50:38', '2019-06-29 08:58:38', 68
325, '2019-06-08 23:05:18', '2019-06-09 00:22:18', 77
326, '2019-07-11 12:20:03', '2019-07-11 13:16:03', 56
327, '2019-11-30 03:00:06', '2019-11-30 03:24:06', 24
328, '2020-03-17 22:39:34', '2020-03-17 23:17:34', 38
329, '2019-06-26 18:46:29', '2019-06-26 19:38:29', 52
330, '2019-09-26 00:22:00', '2019-09-26 01:20:00', 58
331, '2019-09-25 23:29:55', '2019-09-26 00:08:55', 39
332, '2019-05-09 18:09:48', '2019-05-09 18:18:48', 9
333, '2020-05-26 13:56:19', '2020-05-26 14:41:19', 45
334, '2020-04-04 03:48:42', '2020-04-04 04:25:42', 37
335, '2020-01-16 06:30:45', '2020-01-16 07:18:45', 48
336, '2020-06-27 00:17:03', '2020-06-27 01:20:03', 63
337, '2019-06-13 12:56:11', '2019-06-13 13:49:11', 53
338, '2019-04-13 21:20:15', '2019-04-13 21:28:15', 8
339, '2020-05-13 02:26:31', '2020-05-13 02:52:31', 26
340, '2020-05-31 03:44:29', '2020-05-31 04:01:29', 17
341, '2020-01-08 11:31:09', '2020-01-08 12:18:09', 47
342, '2019-09-08 13:20:18', '2019-09-08 14:50:18', 90
343, '2020-03-15 01:11:24', '2020-03-15 01:57:24', 46
344, '2020-01-22 06:46:34', '2020-01-22 07:02:34', 16
345, '2020-02-17 15:18:15', '2020-02-17 16:12:15', 54
346, '2019-07-26 09:21:00', '2019-07-26 09:25:00', 4
347, '2019-05-26 16:00:07', '2019-05-26 16:32:07', 32
348, '2019-08-25 17:44:31', '2019-08-25 19:05:31', 81
349, '2020-02-14 05:52:35', '2020-02-14 05:56:35', 4
350, '2020-05-06 17:26:41', '2020-05-06 18:48:41', 82
351, '2019-12-01 17:01:18', '2019-12-01 18:38:18', 97
352, '2019-12-26 04:28:05', '2019-12-26 05:30:05', 62
353, '2020-05-24 13:28:08', '2020-05-24 14:18:08', 50
354, '2019-04-10 03:57:18', '2019-04-10 04:39:18', 42
355, '2020-02-04 22:24:36', '2020-02-04 22:57:36', 33
356, '2020-04-01 03:34:46', '2020-04-01 04:41:46', 67
357, '2020-05-27 07:48:34', '2020-05-27 08:56:34', 68
358, '2019-05-25 11:47:34', '2019-05-25 11:50:34', 3
359, '2019-12-25 02:51:31', '2019-12-25 03:52:31', 61
360, '2020-02-16 15:13:31', '2020-02-16 16:20:31', 67
361, '2020-04-05 18:13:19', '2020-04-05 19:31:19', 78
362, '2019-12-05 08:26:27', '2019-12-05 08:29:27', 3
363, '2019-05-10 19:57:36', '2019-05-10 20:28:36', 31
364, '2020-02-06 18:20:17', '2020-02-06 18:33:17', 13
365, '2019-11-14 01:44:06', '2019-11-14 02:54:06', 70
366, '2019-11-12 09:53:05', '2019-11-12 09:56:05', 3
367, '2019-05-03 17:55:24', '2019-05-03 18:28:24', 33
368, '2019-05-17 22:33:52', '2019-05-18 00:11:52', 98
369, '2019-05-26 01:15:22', '2019-05-26 01:59:22', 44
370, '2019-08-24 02:09:02', '2019-08-24 02:28:02', 19
371, '2020-04-14 04:55:11', '2020-04-14 05:18:11', 23
372, '2020-03-10 23:56:16', '2020-03-10 23:57:16', 1
373, '2020-04-05 17:09:04', '2020-04-05 17:57:04', 48
374, '2019-05-16 19:12:41', '2019-05-16 19:42:41', 30
375, '2019-08-19 15:19:14', '2019-08-19 16:03:14', 44
376, '2019-06-15 06:39:52', '2019-06-15 07:59:52', 80
377, '2019-08-31 08:34:18', '2019-08-31 08:52:18', 18
378, '2019-12-23 04:15:11', '2019-12-23 04:57:11', 42
379, '2020-06-24 10:32:34', '2020-06-24 10:33:34', 1
380, '2020-04-19 22:34:28', '2020-04-19 23:38:28', 64
381, '2020-01-22 10:46:38', '2020-01-22 11:43:38', 57
382, '2019-06-04 03:33:25', '2019-06-04 03:44:25', 11
383, '2019-12-17 08:56:16', '2019-12-17 10:27:16', 91
384, '2020-01-27 14:52:36', '2020-01-27 14:57:36', 5
385, '2019-10-16 19:16:02', '2019-10-16 20:35:02', 79
386, '2020-06-26 04:03:54', '2020-06-26 04:07:54', 4
387, '2020-06-03 14:47:14', '2020-06-03 15:35:14', 48
388, '2020-05-12 06:25:17', '2020-05-12 06:41:17', 16
389, '2019-06-02 00:14:10', '2019-06-02 01:46:10', 92
390, '2020-05-20 06:06:40', '2020-05-20 07:15:40', 69
391, '2019-05-10 22:21:46', '2019-05-10 22:34:46', 13
392, '2020-03-30 15:50:50', '2020-03-30 16:10:50', 20
393, '2019-05-29 05:56:56', '2019-05-29 07:18:56', 82
394, '2019-06-14 07:15:01', '2019-06-14 08:34:01', 79
395, '2020-05-24 14:55:03', '2020-05-24 16:34:03', 99
396, '2020-02-10 23:49:48', '2020-02-11 00:40:48', 51
397, '2020-03-05 02:14:05', '2020-03-05 02:34:05', 20
398, '2019-09-25 05:07:16', '2019-09-25 06:14:16', 67
399, '2019-04-09 23:32:20', '2019-04-09 23:56:20', 24
400, '2020-05-11 19:25:51', '2020-05-11 20:49:51', 84
401, '2019-09-26 17:20:03', '2019-09-26 18:13:03', 53
402, '2019-11-12 16:13:32', '2019-11-12 16:33:32', 20
403, '2019-11-29 14:49:30', '2019-11-29 16:06:30', 77
404, '2019-07-28 05:34:21', '2019-07-28 05:53:21', 19
405, '2019-04-13 15:39:29', '2019-04-13 15:49:29', 10
406, '2019-07-24 12:17:45', '2019-07-24 13:01:45', 44
407, '2020-03-18 04:48:45', '2020-03-18 05:24:45', 36
408, '2020-01-14 02:10:25', '2020-01-14 03:41:25', 91
409, '2020-02-09 10:34:35', '2020-02-09 11:37:35', 63
410, '2019-09-08 19:15:54', '2019-09-08 19:29:54', 14
411, '2019-07-10 04:59:37', '2019-07-10 05:52:37', 53
412, '2020-04-09 22:52:21', '2020-04-09 23:04:21', 12
413, '2019-04-15 20:04:22', '2019-04-15 21:09:22', 65
414, '2020-05-08 01:30:23', '2020-05-08 02:30:23', 60
415, '2019-09-22 20:44:24', '2019-09-22 22:02:24', 78
416, '2020-03-30 21:23:29', '2020-03-30 21:46:29', 23
417, '2020-05-01 17:51:23', '2020-05-01 18:43:23', 52
418, '2019-04-17 21:53:44', '2019-04-17 23:30:44', 97
419, '2019-06-28 01:33:57', '2019-06-28 02:45:57', 72
420, '2019-07-28 22:44:52', '2019-07-28 23:48:52', 64
421, '2020-03-01 02:02:30', '2020-03-01 02:39:30', 37
422, '2020-03-11 09:09:34', '2020-03-11 09:24:34', 15
423, '2019-06-07 00:26:13', '2019-06-07 01:46:13', 80
424, '2019-12-17 04:00:03', '2019-12-17 04:39:03', 39
425, '2019-11-22 06:51:01', '2019-11-22 08:14:01', 83
426, '2020-02-02 10:06:26', '2020-02-02 10:13:26', 7
427, '2019-07-20 14:40:45', '2019-07-20 15:27:45', 47
428, '2020-03-03 23:26:47', '2020-03-04 00:43:47', 77
429, '2020-04-30 09:23:44', '2020-04-30 09:39:44', 16
430, '2019-12-03 21:47:34', '2019-12-03 22:15:34', 28
431, '2020-04-29 13:52:52', '2020-04-29 14:08:52', 16
432, '2019-11-28 23:10:50', '2019-11-28 23:29:50', 19
433, '2019-12-30 06:15:13', '2019-12-30 07:30:13', 75
434, '2019-06-29 19:33:14', '2019-06-29 20:25:14', 52
435, '2019-05-16 07:18:43', '2019-05-16 07:52:43', 34
436, '2020-04-01 17:53:37', '2020-04-01 18:50:37', 57
437, '2019-09-09 00:42:39', '2019-09-09 01:07:39', 25
438, '2020-05-16 23:02:07', '2020-05-16 23:18:07', 16
439, '2019-08-19 23:26:14', '2019-08-19 23:54:14', 28
440, '2020-05-14 05:21:34', '2020-05-14 06:49:34', 88
441, '2020-04-10 02:26:06', '2020-04-10 03:08:06', 42
442, '2019-05-25 21:37:56', '2019-05-25 22:06:56', 29
443, '2019-07-27 09:52:18', '2019-07-27 11:04:18', 72
444, '2020-05-12 07:07:02', '2020-05-12 08:21:02', 74
445, '2020-03-16 19:08:42', '2020-03-16 19:50:42', 42
446, '2020-05-14 01:28:45', '2020-05-14 02:59:45', 91
447, '2019-11-01 19:35:35', '2019-11-01 19:45:35', 10
448, '2019-07-06 22:36:28', '2019-07-06 23:12:28', 36
449, '2019-08-06 10:07:21', '2019-08-06 10:52:21', 45
450, '2020-01-04 01:23:05', '2020-01-04 01:51:05', 28
451, '2019-07-02 02:52:54', '2019-07-02 03:41:54', 49
452, '2019-12-21 15:48:48', '2019-12-21 16:28:48', 40
453, '2019-05-30 14:23:10', '2019-05-30 15:14:10', 51
454, '2020-05-08 02:46:56', '2020-05-08 03:08:56', 22
455, '2019-06-17 21:28:37', '2019-06-17 21:57:37', 29
456, '2019-11-20 15:29:01', '2019-11-20 16:01:01', 32
457, '2019-05-28 18:17:36', '2019-05-28 18:38:36', 21
458, '2020-06-19 22:05:38', '2020-06-19 22:09:38', 4
459, '2019-07-01 08:53:17', '2019-07-01 09:12:17', 19
460, '2020-03-15 14:06:36', '2020-03-15 14:48:36', 42
461, '2020-04-11 01:00:57', '2020-04-11 01:47:57', 47
462, '2019-07-24 19:21:32', '2019-07-24 20:33:32', 72
463, '2019-11-22 02:47:28', '2019-11-22 02:59:28', 12
464, '2020-01-30 04:16:33', '2020-01-30 04:47:33', 31
465, '2020-05-31 21:03:30', '2020-05-31 21:32:30', 29
466, '2020-06-11 05:18:14', '2020-06-11 06:10:14', 52
467, '2020-04-01 05:04:41', '2020-04-01 06:30:41', 86
468, '2019-10-06 09:16:51', '2019-10-06 10:56:51', 100
469, '2019-11-14 18:29:30', '2019-11-14 18:44:30', 15
470, '2019-04-17 20:52:01', '2019-04-17 22:29:01', 97
471, '2020-06-05 07:56:55', '2020-06-05 09:23:55', 87
472, '2019-09-14 08:02:13', '2019-09-14 08:19:13', 17
473, '2019-04-12 06:30:25', '2019-04-12 08:00:25', 90
474, '2020-05-16 12:58:39', '2020-05-16 13:19:39', 21
475, '2020-02-22 07:47:02', '2020-02-22 08:56:02', 69
476, '2020-03-05 03:06:10', '2020-03-05 04:06:10', 60
477, '2019-08-24 05:55:18', '2019-08-24 06:25:18', 30
478, '2019-09-30 12:59:53', '2019-09-30 14:19:53', 80
479, '2019-06-14 14:33:47', '2019-06-14 16:12:47', 99
480, '2019-05-29 02:20:38', '2019-05-29 03:29:38', 69
481, '2020-04-12 07:20:19', '2020-04-12 07:54:19', 34
482, '2020-01-12 09:39:20', '2020-01-12 09:40:20', 1
483, '2019-10-18 16:11:53', '2019-10-18 17:30:53', 79
484, '2020-04-07 23:57:52', '2020-04-08 00:27:52', 30
485, '2019-10-09 02:49:02', '2019-10-09 03:37:02', 48
486, '2020-02-17 08:42:21', '2020-02-17 09:11:21', 29
487, '2020-04-24 19:00:11', '2020-04-24 20:17:11', 77
488, '2019-12-26 20:05:42', '2019-12-26 20:26:42', 21
489, '2019-12-29 23:40:20', '2019-12-29 23:50:20', 10
490, '2019-09-27 07:50:51', '2019-09-27 08:52:51', 62
491, '2019-12-08 09:59:55', '2019-12-08 11:10:55', 71
492, '2020-06-26 09:59:17', '2020-06-26 10:51:17', 52
493, '2020-04-07 23:02:07', '2020-04-07 23:27:07', 25
494, '2019-05-19 00:05:11', '2019-05-19 01:25:11', 80
495, '2020-03-16 10:50:36', '2020-03-16 10:51:36', 1
496, '2020-05-09 01:11:28', '2020-05-09 02:37:28', 86
497, '2020-03-24 14:45:19', '2020-03-24 15:02:19', 17
498, '2020-04-17 01:48:03', '2020-04-17 02:05:03', 17
499, '2019-06-25 04:02:08', '2019-06-25 04:53:08', 51
500, '2019-09-05 02:38:04', '2019-09-05 03:21:04', 43
501, '2019-06-19 20:18:04', '2019-06-19 21:54:04', 96
502, '2019-12-15 23:59:01', '2019-12-16 00:25:01', 26
503, '2019-10-23 14:25:09', '2019-10-23 15:36:09', 71
504, '2020-02-12 11:35:22', '2020-02-12 11:36:22', 1
505, '2020-02-16 03:36:10', '2020-02-16 04:19:10', 43
506, '2020-04-21 08:52:24', '2020-04-21 09:29:24', 37
507, '2019-12-03 22:55:33', '2019-12-03 23:28:33', 33
508, '2019-10-14 21:53:44', '2019-10-14 23:05:44', 72
509, '2019-04-25 04:20:08', '2019-04-25 05:08:08', 48
510, '2019-11-29 22:28:49', '2019-11-29 23:31:49', 63
511, '2020-03-16 10:30:15', '2020-03-16 10:44:15', 14
512, '2020-04-10 20:24:22', '2020-04-10 21:55:22', 91
513, '2020-05-27 14:45:51', '2020-05-27 15:40:51', 55
514, '2019-07-15 03:50:04', '2019-07-15 05:13:04', 83
515, '2019-04-24 14:03:18', '2019-04-24 15:31:18', 88
516, '2020-03-03 18:01:32', '2020-03-03 19:30:32', 89
517, '2020-05-13 18:32:15', '2020-05-13 19:34:15', 62
518, '2019-08-03 20:30:52', '2019-08-03 21:33:52', 63
519, '2020-06-07 07:42:19', '2020-06-07 08:56:19', 74
520, '2019-12-22 06:53:14', '2019-12-22 07:33:14', 40
521, '2020-05-31 10:04:39', '2020-05-31 11:41:39', 97
522, '2020-02-24 01:13:05', '2020-02-24 02:18:05', 65
523, '2020-04-28 04:59:53', '2020-04-28 05:28:53', 29
524, '2019-11-02 08:51:54', '2019-11-02 09:19:54', 28
525, '2019-04-16 02:44:14', '2019-04-16 03:05:14', 21
526, '2019-07-11 12:18:36', '2019-07-11 12:32:36', 14
527, '2019-12-10 20:00:11', '2019-12-10 21:30:11', 90
528, '2019-11-27 06:03:21', '2019-11-27 07:24:21', 81
529, '2019-08-24 06:19:43', '2019-08-24 06:29:43', 10
530, '2020-05-23 23:49:46', '2020-05-24 00:39:46', 50
531, '2019-08-16 06:36:41', '2019-08-16 07:32:41', 56
532, '2019-10-21 08:19:08', '2019-10-21 08:32:08', 13
533, '2019-09-29 15:17:51', '2019-09-29 16:10:51', 53
534, '2019-11-30 13:35:38', '2019-11-30 14:06:38', 31
535, '2019-07-08 20:09:47', '2019-07-08 20:20:47', 11
536, '2019-07-30 16:15:18', '2019-07-30 17:54:18', 99
537, '2019-05-25 08:56:35', '2019-05-25 10:13:35', 77
538, '2019-09-13 11:35:56', '2019-09-13 12:57:56', 82
539, '2020-05-24 20:16:03', '2020-05-24 20:32:03', 16
540, '2019-07-12 01:38:27', '2019-07-12 03:03:27', 85
541, '2019-05-24 07:10:38', '2019-05-24 07:22:38', 12
542, '2019-09-18 05:25:43', '2019-09-18 06:58:43', 93
543, '2019-10-10 05:26:37', '2019-10-10 06:03:37', 37
544, '2020-04-09 18:18:09', '2020-04-09 18:40:09', 22
545, '2019-05-13 21:11:05', '2019-05-13 22:47:05', 96
546, '2019-12-31 19:26:58', '2019-12-31 20:48:58', 82
547, '2019-11-13 02:08:55', '2019-11-13 03:24:55', 76
548, '2020-01-23 08:43:33', '2020-01-23 09:45:33', 62
549, '2020-04-20 16:38:00', '2020-04-20 17:23:00', 45
550, '2020-02-13 06:17:56', '2020-02-13 06:39:56', 22
551, '2020-02-12 16:41:44', '2020-02-12 18:12:44', 91
552, '2019-06-19 12:51:14', '2019-06-19 14:17:14', 86
553, '2019-05-20 17:46:37', '2019-05-20 19:09:37', 83
554, '2019-09-28 20:32:51', '2019-09-28 21:29:51', 57
555, '2019-06-02 06:45:10', '2019-06-02 08:19:10', 94
556, '2019-06-20 07:51:48', '2019-06-20 07:57:48', 6
557, '2020-04-03 02:52:58', '2020-04-03 02:58:58', 6
558, '2020-01-01 18:42:24', '2020-01-01 19:16:24', 34
559, '2019-05-09 12:38:52', '2019-05-09 13:47:52', 69
560, '2019-12-17 06:08:26', '2019-12-17 06:25:26', 17
561, '2019-05-03 17:56:50', '2019-05-03 18:21:50', 25
562, '2020-01-18 08:27:59', '2020-01-18 09:40:59', 73
563, '2019-11-07 10:31:31', '2019-11-07 11:41:31', 70
564, '2020-02-10 16:29:08', '2020-02-10 17:39:08', 70
565, '2020-06-13 12:21:37', '2020-06-13 13:00:37', 39
566, '2019-09-20 04:32:51', '2019-09-20 05:36:51', 64
567, '2020-01-07 20:32:55', '2020-01-07 20:36:55', 4
568, '2019-10-04 23:56:17', '2019-10-05 00:20:17', 24
569, '2020-05-29 04:33:13', '2020-05-29 05:49:13', 76
570, '2019-04-22 13:19:16', '2019-04-22 13:48:16', 29
571, '2019-12-13 01:39:20', '2019-12-13 02:33:20', 54
572, '2020-06-04 19:55:36', '2020-06-04 20:48:36', 53
573, '2020-02-19 22:27:28', '2020-02-19 23:00:28', 33
574, '2019-10-13 10:15:32', '2019-10-13 10:52:32', 37
575, '2020-02-01 21:22:43', '2020-02-01 21:25:43', 3
576, '2019-05-29 20:30:32', '2019-05-29 21:05:32', 35
577, '2019-04-23 15:01:03', '2019-04-23 15:47:03', 46
578, '2020-02-28 12:08:56', '2020-02-28 13:40:56', 92
579, '2020-05-25 06:42:57', '2020-05-25 07:29:57', 47
580, '2019-11-21 15:07:55', '2019-11-21 15:35:55', 28
581, '2019-05-24 20:17:06', '2019-05-24 20:32:06', 15
582, '2019-06-01 13:52:06', '2019-06-01 15:30:06', 98
583, '2019-10-22 12:58:05', '2019-10-22 13:13:05', 15
584, '2020-01-17 19:03:49', '2020-01-17 20:36:49', 93
585, '2019-09-27 10:20:14', '2019-09-27 11:45:14', 85
586, '2019-12-06 21:52:18', '2019-12-06 23:26:18', 94
587, '2019-12-08 21:58:48', '2019-12-08 22:43:48', 45
588, '2020-01-16 17:26:49', '2020-01-16 17:50:49', 24
589, '2019-09-25 07:20:08', '2019-09-25 08:39:08', 79
590, '2019-12-22 05:17:15', '2019-12-22 05:50:15', 33
591, '2019-10-23 21:57:33', '2019-10-23 23:37:33', 100
592, '2019-05-13 18:12:22', '2019-05-13 18:22:22', 10
593, '2019-10-04 08:48:40', '2019-10-04 09:24:40', 36
594, '2019-05-01 00:25:25', '2019-05-01 01:56:25', 91
595, '2020-01-02 06:45:35', '2020-01-02 06:57:35', 12
596, '2019-12-10 13:42:52', '2019-12-10 15:07:52', 85
597, '2019-05-12 14:10:35', '2019-05-12 14:19:35', 9
598, '2019-11-18 20:04:56', '2019-11-18 20:27:56', 23
599, '2019-08-02 01:37:02', '2019-08-02 02:09:02', 32
600, '2020-06-09 12:15:12', '2020-06-09 12:57:12', 42
601, '2020-03-03 16:01:06', '2020-03-03 17:05:06', 64
602, '2020-03-23 09:23:35', '2020-03-23 09:54:35', 31
603, '2019-07-08 08:46:07', '2019-07-08 09:51:07', 65
604, '2020-04-02 13:23:10', '2020-04-02 13:41:10', 18
605, '2019-12-26 19:14:06', '2019-12-26 19:20:06', 6
606, '2019-06-26 05:55:58', '2019-06-26 07:32:58', 97
607, '2020-01-13 07:09:37', '2020-01-13 08:44:37', 95
608, '2019-12-13 22:36:37', '2019-12-13 22:39:37', 3
609, '2020-04-25 15:35:03', '2020-04-25 16:14:03', 39
610, '2020-05-08 16:30:48', '2020-05-08 18:03:48', 93
611, '2019-12-21 18:12:45', '2019-12-21 19:34:45', 82
612, '2020-06-02 08:29:49', '2020-06-02 09:18:49', 49
613, '2020-03-06 23:21:20', '2020-03-07 00:18:20', 57
614, '2019-05-10 04:09:48', '2019-05-10 04:22:48', 13
615, '2019-08-25 14:11:34', '2019-08-25 14:47:34', 36
616, '2019-09-26 07:51:30', '2019-09-26 09:23:30', 92
617, '2019-08-10 17:46:29', '2019-08-10 17:59:29', 13
618, '2019-10-07 17:08:03', '2019-10-07 17:48:03', 40
619, '2019-09-09 00:16:01', '2019-09-09 01:11:01', 55
620, '2019-10-31 22:54:26', '2019-10-31 22:59:26', 5
621, '2020-06-26 07:36:17', '2020-06-26 08:05:17', 29
622, '2020-05-06 14:27:04', '2020-05-06 14:54:04', 27
623, '2020-03-17 02:59:59', '2020-03-17 04:27:59', 88
624, '2020-01-24 23:24:53', '2020-01-25 00:16:53', 52
625, '2019-09-03 23:55:05', '2019-09-04 00:49:05', 54
626, '2019-07-12 20:52:02', '2019-07-12 21:40:02', 48
627, '2020-02-08 11:50:52', '2020-02-08 13:23:52', 93
628, '2019-05-11 20:15:51', '2019-05-11 20:50:51', 35
629, '2020-05-01 17:32:00', '2020-05-01 18:36:00', 64
630, '2019-10-04 15:28:05', '2019-10-04 16:05:05', 37
631, '2019-10-11 06:40:25', '2019-10-11 07:37:25', 57
632, '2019-09-21 07:48:02', '2019-09-21 09:12:02', 84
633, '2019-12-09 08:55:44', '2019-12-09 09:18:44', 23
634, '2020-05-15 10:46:10', '2020-05-15 11:40:10', 54
635, '2019-09-25 01:45:25', '2019-09-25 03:10:25', 85
636, '2019-09-27 18:30:14', '2019-09-27 19:53:14', 83
637, '2019-09-08 21:45:35', '2019-09-08 22:25:35', 40
638, '2019-04-12 20:30:17', '2019-04-12 21:20:17', 50
639, '2020-04-13 14:13:47', '2020-04-13 14:33:47', 20
640, '2019-12-10 00:08:18', '2019-12-10 00:33:18', 25
641, '2019-05-10 12:02:49', '2019-05-10 13:31:49', 89
642, '2020-01-23 21:47:43', '2020-01-23 22:10:43', 23
643, '2019-12-07 08:15:35', '2019-12-07 09:23:35', 68
644, '2020-02-28 20:21:37', '2020-02-28 20:24:37', 3
645, '2020-05-03 07:16:23', '2020-05-03 08:56:23', 100
646, '2019-05-26 15:14:30', '2019-05-26 15:49:30', 35
647, '2020-04-23 05:55:14', '2020-04-23 07:25:14', 90
648, '2019-05-20 01:23:57', '2019-05-20 01:26:57', 3
649, '2019-11-23 05:08:28', '2019-11-23 06:44:28', 96
650, '2019-06-14 01:15:43', '2019-06-14 02:50:43', 95
651, '2019-10-09 14:17:35', '2019-10-09 14:18:35', 1
652, '2020-05-17 15:44:15', '2020-05-17 16:25:15', 41
653, '2019-09-15 23:08:02', '2019-09-15 23:17:02', 9
654, '2019-08-21 05:51:44', '2019-08-21 06:51:44', 60
655, '2019-09-22 15:16:53', '2019-09-22 15:22:53', 6
656, '2019-11-07 12:11:16', '2019-11-07 13:36:16', 85
657, '2020-05-07 11:17:35', '2020-05-07 11:49:35', 32
658, '2020-05-30 17:51:01', '2020-05-30 18:25:01', 34
659, '2019-07-12 22:52:32', '2019-07-12 23:18:32', 26
660, '2020-05-13 11:16:31', '2020-05-13 12:07:31', 51
661, '2020-06-02 07:14:22', '2020-06-02 07:44:22', 30
662, '2019-08-22 03:34:50', '2019-08-22 05:14:50', 100
663, '2019-06-30 22:09:23', '2019-06-30 22:35:23', 26
664, '2019-06-14 05:24:18', '2019-06-14 05:26:18', 2
665, '2020-04-08 03:21:26', '2020-04-08 03:26:26', 5
666, '2019-05-23 20:58:56', '2019-05-23 21:55:56', 57
667, '2020-02-12 11:08:47', '2020-02-12 12:03:47', 55
668, '2020-01-30 08:18:02', '2020-01-30 09:31:02', 73
669, '2020-02-04 20:54:08', '2020-02-04 21:55:08', 61
670, '2020-04-29 19:01:04', '2020-04-29 19:07:04', 6
671, '2019-09-05 05:01:09', '2019-09-05 06:17:09', 76
672, '2020-05-05 14:24:48', '2020-05-05 15:40:48', 76
673, '2020-03-11 05:08:31', '2020-03-11 06:47:31', 99
674, '2019-04-25 05:44:23', '2019-04-25 07:04:23', 80
675, '2019-10-25 15:57:49', '2019-10-25 16:42:49', 45
676, '2019-05-15 22:34:50', '2019-05-15 23:01:50', 27
677, '2020-03-02 12:26:38', '2020-03-02 13:39:38', 73
678, '2019-11-07 18:51:23', '2019-11-07 19:09:23', 18
679, '2019-09-13 16:54:59', '2019-09-13 17:03:59', 9
680, '2020-02-26 10:10:41', '2020-02-26 11:01:41', 51
681, '2019-06-21 19:02:27', '2019-06-21 19:09:27', 7
682, '2019-12-11 17:07:04', '2019-12-11 18:26:04', 79
683, '2019-07-05 09:21:56', '2019-07-05 10:22:56', 61
684, '2019-08-04 09:58:05', '2019-08-04 10:03:05', 5
685, '2020-02-05 12:44:08', '2020-02-05 13:31:08', 47
686, '2019-09-14 06:58:20', '2019-09-14 08:08:20', 70
687, '2020-03-21 03:23:33', '2020-03-21 03:37:33', 14
688, '2020-01-14 10:02:12', '2020-01-14 10:38:12', 36
689, '2019-07-18 02:43:08', '2019-07-18 04:06:08', 83
690, '2019-11-16 07:35:43', '2019-11-16 07:51:43', 16
691, '2020-01-28 10:39:43', '2020-01-28 10:43:43', 4
692, '2019-07-31 04:46:47', '2019-07-31 05:30:47', 44
693, '2019-12-11 13:51:47', '2019-12-11 15:27:47', 96
694, '2019-09-21 19:59:33', '2019-09-21 20:51:33', 52
695, '2019-10-04 03:15:13', '2019-10-04 04:35:13', 80
696, '2019-11-01 06:37:11', '2019-11-01 06:44:11', 7
697, '2019-08-06 11:13:47', '2019-08-06 11:35:47', 22
698, '2019-10-20 02:15:47', '2019-10-20 03:23:47', 68
699, '2019-08-26 09:04:23', '2019-08-26 10:14:23', 70
700, '2019-10-29 14:54:29', '2019-10-29 15:00:29', 6
701, '2019-12-14 18:04:58', '2019-12-14 18:51:58', 47
702, '2019-11-22 01:56:35', '2019-11-22 02:53:35', 57
703, '2019-08-19 16:12:31', '2019-08-19 16:47:31', 35
704, '2020-02-05 06:50:27', '2020-02-05 06:51:27', 1
705, '2020-01-30 15:55:42', '2020-01-30 17:34:42', 99
706, '2019-08-09 20:30:49', '2019-08-09 20:35:49', 5
707, '2019-04-13 18:26:30', '2019-04-13 18:29:30', 3
708, '2019-10-22 13:56:32', '2019-10-22 15:06:32', 70
709, '2019-04-28 04:38:31', '2019-04-28 04:44:31', 6
710, '2020-03-01 16:27:41', '2020-03-01 17:27:41', 60
711, '2019-07-12 07:09:29', '2019-07-12 08:03:29', 54
712, '2020-06-07 08:47:53', '2020-06-07 09:59:53', 72
713, '2019-11-22 16:18:15', '2019-11-22 16:57:15', 39
714, '2020-03-25 12:38:37', '2020-03-25 14:15:37', 97
715, '2019-11-08 05:30:20', '2019-11-08 06:48:20', 78
716, '2020-04-03 05:00:20', '2020-04-03 05:57:20', 57
717, '2020-05-23 07:10:57', '2020-05-23 07:30:57', 20
718, '2019-11-18 08:11:52', '2019-11-18 09:47:52', 96
719, '2020-02-19 00:59:43', '2020-02-19 02:17:43', 78
720, '2019-11-25 17:27:10', '2019-11-25 17:53:10', 26
721, '2019-09-06 03:33:14', '2019-09-06 04:35:14', 62
722, '2019-06-04 21:34:24', '2019-06-04 23:00:24', 86
723, '2019-06-30 21:50:31', '2019-06-30 22:31:31', 41
724, '2019-08-02 07:33:47', '2019-08-02 09:12:47', 99
725, '2020-05-09 22:01:28', '2020-05-09 22:47:28', 46
726, '2020-02-12 10:26:48', '2020-02-12 11:24:48', 58
727, '2020-01-28 02:59:30', '2020-01-28 03:59:30', 60
728, '2020-04-11 07:47:19', '2020-04-11 09:19:19', 92
729, '2019-04-08 16:24:11', '2019-04-08 17:15:11', 51
730, '2019-09-14 10:30:05', '2019-09-14 11:46:05', 76
731, '2020-04-29 16:22:44', '2020-04-29 17:19:44', 57
732, '2020-01-20 23:34:41', '2020-01-20 23:59:41', 25
733, '2020-03-20 20:15:56', '2020-03-20 21:08:56', 53
734, '2019-11-17 20:35:36', '2019-11-17 21:47:36', 72
735, '2019-05-31 13:21:30', '2019-05-31 14:32:30', 71
736, '2019-08-12 19:30:17', '2019-08-12 20:53:17', 83
737, '2020-06-12 08:14:52', '2020-06-12 08:38:52', 24
738, '2019-05-30 17:57:53', '2019-05-30 19:09:53', 72
739, '2019-07-11 13:41:09', '2019-07-11 14:38:09', 57
740, '2019-10-01 05:28:43', '2019-10-01 06:49:43', 81
741, '2020-01-18 16:59:08', '2020-01-18 17:36:08', 37
742, '2019-12-16 10:39:02', '2019-12-16 11:15:02', 36
743, '2019-06-29 07:27:10', '2019-06-29 08:50:10', 83
744, '2020-05-02 10:17:13', '2020-05-02 11:16:13', 59
745, '2019-04-24 00:12:45', '2019-04-24 00:32:45', 20
746, '2019-06-26 00:37:02', '2019-06-26 01:41:02', 64
747, '2020-03-16 15:13:33', '2020-03-16 15:22:33', 9
748, '2019-11-02 01:18:05', '2019-11-02 01:37:05', 19
749, '2019-07-01 18:53:34', '2019-07-01 19:34:34', 41
750, '2020-05-06 06:32:42', '2020-05-06 07:47:42', 75
751, '2019-09-10 00:32:05', '2019-09-10 01:51:05', 79
752, '2020-02-18 19:22:31', '2020-02-18 19:49:31', 27
753, '2019-04-25 17:40:55', '2019-04-25 18:59:55', 79
754, '2019-04-10 17:00:30', '2019-04-10 17:25:30', 25
755, '2019-06-10 17:03:18', '2019-06-10 17:07:18', 4
756, '2020-04-12 23:19:11', '2020-04-13 00:19:11', 60
757, '2020-03-26 04:29:07', '2020-03-26 05:13:07', 44
758, '2020-05-07 17:14:10', '2020-05-07 17:51:10', 37
759, '2020-06-03 05:23:12', '2020-06-03 06:37:12', 74
760, '2019-04-20 01:42:37', '2019-04-20 02:17:37', 35
761, '2019-05-02 07:07:12', '2019-05-02 08:35:12', 88
762, '2019-08-17 20:19:38', '2019-08-17 21:47:38', 88
763, '2019-07-11 01:56:38', '2019-07-11 03:05:38', 69
764, '2020-06-04 20:51:33', '2020-06-04 21:31:33', 40
765, '2020-02-03 07:04:04', '2020-02-03 07:35:04', 31
766, '2020-02-17 18:43:04', '2020-02-17 19:33:04', 50
767, '2019-06-19 03:58:27', '2019-06-19 05:21:27', 83
768, '2019-11-14 00:24:35', '2019-11-14 01:19:35', 55
769, '2019-07-27 23:42:35', '2019-07-28 01:20:35', 98
770, '2019-09-24 22:59:10', '2019-09-24 23:22:10', 23
771, '2019-12-25 02:43:08', '2019-12-25 04:05:08', 82
772, '2020-04-19 07:32:55', '2020-04-19 08:18:55', 46
773, '2019-09-10 18:57:19', '2019-09-10 20:17:19', 80
774, '2019-12-24 21:26:29', '2019-12-24 23:04:29', 98
775, '2020-02-11 23:05:44', '2020-02-12 00:02:44', 57
776, '2019-08-04 01:20:49', '2019-08-04 02:01:49', 41
777, '2019-10-14 13:00:41', '2019-10-14 14:31:41', 91
778, '2020-01-03 04:50:00', '2020-01-03 04:51:00', 1
779, '2019-06-12 08:22:49', '2019-06-12 08:24:49', 2
780, '2020-05-15 06:54:19', '2020-05-15 08:13:19', 79
781, '2019-09-03 18:49:39', '2019-09-03 19:27:39', 38
782, '2020-03-03 01:01:43', '2020-03-03 02:40:43', 99
783, '2020-01-11 20:49:23', '2020-01-11 20:56:23', 7
784, '2019-09-09 06:16:03', '2019-09-09 07:13:03', 57
785, '2020-03-30 15:42:48', '2020-03-30 16:09:48', 27
786, '2020-04-09 07:32:06', '2020-04-09 07:36:06', 4
787, '2019-04-28 05:02:40', '2019-04-28 05:30:40', 28
788, '2019-06-14 16:00:26', '2019-06-14 17:04:26', 64
789, '2019-04-30 04:09:01', '2019-04-30 05:05:01', 56
790, '2019-10-01 06:33:09', '2019-10-01 06:58:09', 25
791, '2019-08-15 07:30:06', '2019-08-15 08:09:06', 39
792, '2019-11-01 02:44:54', '2019-11-01 03:34:54', 50
793, '2019-09-10 08:29:56', '2019-09-10 08:40:56', 11
794, '2019-09-17 10:45:51', '2019-09-17 11:03:51', 18
795, '2020-04-30 20:17:16', '2020-04-30 21:36:16', 79
796, '2020-01-07 05:43:57', '2020-01-07 07:20:57', 97
797, '2020-05-30 12:05:07', '2020-05-30 13:45:07', 100
798, '2019-05-30 08:53:09', '2019-05-30 09:25:09', 32
799, '2020-01-28 20:25:00', '2020-01-28 20:54:00', 29
800, '2019-08-27 05:36:47', '2019-08-27 06:17:47', 41
801, '2020-03-07 06:01:30', '2020-03-07 06:32:30', 31
802, '2019-10-13 12:18:19', '2019-10-13 12:21:19', 3
803, '2019-05-13 10:18:10', '2019-05-13 11:36:10', 78
804, '2020-05-30 20:15:12', '2020-05-30 21:14:12', 59
805, '2019-10-28 15:40:35', '2019-10-28 15:50:35', 10
806, '2020-01-06 06:47:06', '2020-01-06 07:06:06', 19
807, '2020-05-26 17:13:03', '2020-05-26 17:36:03', 23
808, '2019-11-21 17:58:15', '2019-11-21 18:40:15', 42
809, '2019-10-28 14:03:16', '2019-10-28 15:40:16', 97
810, '2020-05-09 05:06:56', '2020-05-09 06:44:56', 98
811, '2020-06-10 19:38:51', '2020-06-10 20:26:51', 48
812, '2019-05-27 16:23:37', '2019-05-27 16:27:37', 4
813, '2019-11-17 04:35:07', '2019-11-17 05:26:07', 51
814, '2019-08-26 18:25:05', '2019-08-26 19:22:05', 57
815, '2019-10-17 05:45:02', '2019-10-17 05:52:02', 7
816, '2020-06-04 18:12:17', '2020-06-04 18:19:17', 7
817, '2019-11-09 11:27:11', '2019-11-09 12:46:11', 79
818, '2019-05-08 14:21:10', '2019-05-08 15:20:10', 59
819, '2020-03-04 17:50:39', '2020-03-04 19:06:39', 76
820, '2020-04-02 04:11:07', '2020-04-02 05:18:07', 67
821, '2019-11-19 02:50:07', '2019-11-19 03:10:07', 20
822, '2019-05-27 14:37:42', '2019-05-27 14:40:42', 3
823, '2019-06-18 22:02:34', '2019-06-18 22:36:34', 34
824, '2020-02-20 18:41:12', '2020-02-20 19:47:12', 66
825, '2019-08-14 08:49:31', '2019-08-14 09:12:31', 23
826, '2020-03-02 10:56:30', '2020-03-02 12:12:30', 76
827, '2019-07-28 20:30:28', '2019-07-28 21:58:28', 88
828, '2019-08-08 21:26:53', '2019-08-08 22:00:53', 34
829, '2020-06-27 19:48:40', '2020-06-27 19:55:40', 7
830, '2019-06-25 02:06:03', '2019-06-25 02:58:03', 52
831, '2019-09-07 08:36:25', '2019-09-07 09:21:25', 45
832, '2020-01-07 10:37:00', '2020-01-07 11:05:00', 28
833, '2019-05-17 03:52:02', '2019-05-17 03:54:02', 2
834, '2019-04-26 10:11:32', '2019-04-26 11:01:32', 50
835, '2019-10-04 16:26:21', '2019-10-04 17:56:21', 90
836, '2020-03-28 02:14:04', '2020-03-28 03:30:04', 76
837, '2019-08-10 00:11:27', '2019-08-10 01:38:27', 87
838, '2019-05-02 22:32:41', '2019-05-02 23:13:41', 41
839, '2019-07-31 00:56:45', '2019-07-31 02:25:45', 89
840, '2020-02-20 07:46:56', '2020-02-20 07:56:56', 10
841, '2019-09-08 20:58:07', '2019-09-08 21:33:07', 35
842, '2020-02-26 02:15:35', '2020-02-26 03:31:35', 76
843, '2020-04-14 17:50:32', '2020-04-14 18:27:32', 37
844, '2020-02-28 01:47:38', '2020-02-28 02:58:38', 71
845, '2020-03-18 00:05:20', '2020-03-18 01:37:20', 92
846, '2020-02-09 17:03:11', '2020-02-09 17:05:11', 2
847, '2020-06-27 01:54:14', '2020-06-27 03:32:14', 98
848, '2020-01-28 00:06:40', '2020-01-28 00:28:40', 22
849, '2019-08-25 22:06:35', '2019-08-25 22:15:35', 9
850, '2019-07-07 04:03:31', '2019-07-07 04:45:31', 42
851, '2019-09-08 14:33:51', '2019-09-08 15:50:51', 77
852, '2019-05-11 12:43:33', '2019-05-11 13:03:33', 20
853, '2019-06-20 22:49:55', '2019-06-20 23:43:55', 54
854, '2019-09-30 19:00:28', '2019-09-30 20:17:28', 77
855, '2020-03-14 20:39:46', '2020-03-14 20:40:46', 1
856, '2019-10-23 13:00:46', '2019-10-23 13:06:46', 6
857, '2020-03-11 10:52:08', '2020-03-11 11:14:08', 22
858, '2019-11-18 22:14:51', '2019-11-18 23:01:51', 47
859, '2020-04-27 23:15:16', '2020-04-28 00:32:16', 77
860, '2019-09-21 01:52:45', '2019-09-21 02:36:45', 44
861, '2020-03-12 02:41:57', '2020-03-12 04:20:57', 99
862, '2020-05-13 09:35:31', '2020-05-13 10:12:31', 37
863, '2019-11-30 20:35:42', '2019-11-30 21:32:42', 57
864, '2019-12-23 03:00:30', '2019-12-23 04:21:30', 81
865, '2019-06-14 18:03:42', '2019-06-14 18:56:42', 53
866, '2019-06-01 07:26:15', '2019-06-01 08:17:15', 51
867, '2020-02-05 11:06:03', '2020-02-05 12:41:03', 95
868, '2019-09-06 09:13:35', '2019-09-06 09:35:35', 22
869, '2019-11-03 04:57:36', '2019-11-03 05:40:36', 43
870, '2019-07-06 06:13:35', '2019-07-06 07:36:35', 83
871, '2020-02-02 11:04:57', '2020-02-02 11:18:57', 14
872, '2020-04-09 20:39:26', '2020-04-09 21:14:26', 35
873, '2020-03-09 16:52:27', '2020-03-09 18:26:27', 94
874, '2019-06-10 22:32:47', '2019-06-10 23:40:47', 68
875, '2019-07-22 16:17:41', '2019-07-22 16:23:41', 6
876, '2020-01-06 14:54:00', '2020-01-06 15:42:00', 48
877, '2019-05-05 18:19:40', '2019-05-05 18:29:40', 10
878, '2020-06-01 00:10:01', '2020-06-01 01:12:01', 62
879, '2019-11-17 11:18:46', '2019-11-17 12:24:46', 66
880, '2020-03-29 20:34:55', '2020-03-29 21:22:55', 48
881, '2019-08-26 21:35:38', '2019-08-26 22:16:38', 41
882, '2019-10-19 23:23:35', '2019-10-19 23:52:35', 29
883, '2019-06-08 06:34:01', '2019-06-08 06:43:01', 9
884, '2019-11-12 09:11:24', '2019-11-12 09:25:24', 14
885, '2019-12-31 03:35:30', '2019-12-31 04:13:30', 38
886, '2020-02-04 20:24:01', '2020-02-04 22:01:01', 97
887, '2019-05-16 20:22:36', '2019-05-16 20:44:36', 22
888, '2019-08-29 01:49:50', '2019-08-29 03:27:50', 98
889, '2020-06-12 09:22:02', '2020-06-12 09:59:02', 37
890, '2019-12-14 00:53:57', '2019-12-14 02:13:57', 80
891, '2019-08-10 04:01:19', '2019-08-10 05:16:19', 75
892, '2020-02-22 02:01:08', '2020-02-22 02:58:08', 57
893, '2019-07-15 23:12:50', '2019-07-15 23:28:50', 16
894, '2019-08-22 15:45:11', '2019-08-22 16:39:11', 54
895, '2020-05-04 22:30:03', '2020-05-04 22:43:03', 13
896, '2019-12-18 14:04:06', '2019-12-18 14:13:06', 9
897, '2019-06-18 19:54:51', '2019-06-18 20:04:51', 10
898, '2020-06-01 00:59:32', '2020-06-01 02:17:32', 78
899, '2019-06-29 23:38:27', '2019-06-30 00:27:27', 49
900, '2020-04-22 09:54:15', '2020-04-22 10:54:15', 60
901, '2019-11-21 09:36:24', '2019-11-21 10:56:24', 80
902, '2020-03-29 12:51:17', '2020-03-29 13:10:17', 19
903, '2020-02-26 18:49:52', '2020-02-26 19:17:52', 28
904, '2019-07-11 21:55:05', '2019-07-11 23:00:05', 65
905, '2020-04-04 02:09:30', '2020-04-04 03:40:30', 91
906, '2020-04-15 06:01:54', '2020-04-15 07:25:54', 84
907, '2020-04-09 05:48:20', '2020-04-09 06:11:20', 23
908, '2020-01-01 09:08:48', '2020-01-01 09:13:48', 5
909, '2019-11-16 06:33:28', '2019-11-16 07:43:28', 70
910, '2019-06-06 06:59:38', '2019-06-06 07:26:38', 27
911, '2020-04-21 15:02:51', '2020-04-21 15:08:51', 6
912, '2020-02-21 00:51:32', '2020-02-21 01:16:32', 25
913, '2019-04-25 17:11:52', '2019-04-25 18:23:52', 72
914, '2020-03-29 05:26:40', '2020-03-29 06:49:40', 83
915, '2019-07-07 06:41:47', '2019-07-07 07:30:47', 49
916, '2020-04-30 18:26:57', '2020-04-30 19:05:57', 39
917, '2019-05-26 01:55:47', '2019-05-26 03:07:47', 72
918, '2019-06-20 12:06:13', '2019-06-20 13:27:13', 81
919, '2019-12-11 19:56:09', '2019-12-11 20:57:09', 61
920, '2020-05-03 09:57:15', '2020-05-03 09:59:15', 2
921, '2019-12-18 21:43:43', '2019-12-18 22:30:43', 47
922, '2019-11-07 17:58:43', '2019-11-07 18:04:43', 6
923, '2019-12-04 02:54:39', '2019-12-04 04:05:39', 71
924, '2019-11-06 00:41:00', '2019-11-06 01:36:00', 55
925, '2019-09-17 03:34:19', '2019-09-17 05:08:19', 94
926, '2019-12-16 18:54:29', '2019-12-16 19:46:29', 52
927, '2019-10-12 19:41:01', '2019-10-12 19:50:01', 9
928, '2019-08-22 11:12:07', '2019-08-22 11:15:07', 3
929, '2020-01-03 16:54:25', '2020-01-03 17:30:25', 36
930, '2019-11-23 12:15:54', '2019-11-23 13:26:54', 71
931, '2020-04-26 04:14:11', '2020-04-26 04:54:11', 40
932, '2019-05-06 04:38:17', '2019-05-06 05:41:17', 63
933, '2019-09-05 13:10:11', '2019-09-05 14:05:11', 55
934, '2020-01-26 15:43:50', '2020-01-26 17:12:50', 89
935, '2019-06-07 18:52:18', '2019-06-07 19:35:18', 43
936, '2019-12-13 17:58:21', '2019-12-13 18:21:21', 23
937, '2020-05-04 22:49:55', '2020-05-05 00:05:55', 76
938, '2019-12-01 19:19:11', '2019-12-01 20:46:11', 87
939, '2019-05-03 19:58:16', '2019-05-03 21:36:16', 98
940, '2019-06-09 12:41:41', '2019-06-09 13:12:41', 31
941, '2019-10-12 09:31:04', '2019-10-12 10:36:04', 65
942, '2020-05-27 20:45:52', '2020-05-27 21:28:52', 43
943, '2019-07-06 08:54:26', '2019-07-06 09:16:26', 22
944, '2020-05-18 12:57:35', '2020-05-18 13:03:35', 6
945, '2019-04-17 11:27:36', '2019-04-17 12:29:36', 62
946, '2020-02-09 10:52:33', '2020-02-09 11:46:33', 54
947, '2020-01-11 00:14:28', '2020-01-11 00:28:28', 14
948, '2019-08-11 22:12:39', '2019-08-11 22:31:39', 19
949, '2019-09-27 11:04:16', '2019-09-27 11:10:16', 6
950, '2020-05-15 22:31:57', '2020-05-15 23:28:57', 57
951, '2019-12-06 22:40:32', '2019-12-06 23:51:32', 71
952, '2020-05-10 07:47:27', '2020-05-10 08:23:27', 36
953, '2019-04-15 13:36:58', '2019-04-15 14:35:58', 59
954, '2020-04-17 05:11:59', '2020-04-17 05:45:59', 34
955, '2020-04-25 15:39:19', '2020-04-25 15:41:19', 2
956, '2019-05-19 16:48:42', '2019-05-19 18:10:42', 82
957, '2019-10-25 13:55:40', '2019-10-25 15:29:40', 94
958, '2019-07-10 01:22:47', '2019-07-10 02:02:47', 40
959, '2019-10-11 00:40:12', '2019-10-11 01:21:12', 41
960, '2019-10-29 01:06:37', '2019-10-29 01:51:37', 45
961, '2020-06-17 17:07:20', '2020-06-17 18:42:20', 95
962, '2019-05-31 15:14:25', '2019-05-31 16:09:25', 55
963, '2020-03-18 19:38:35', '2020-03-18 20:54:35', 76
964, '2019-08-23 00:18:59', '2019-08-23 01:45:59', 87
965, '2019-12-14 18:27:19', '2019-12-14 20:07:19', 100
966, '2020-05-02 07:21:34', '2020-05-02 08:37:34', 76
967, '2020-04-30 22:56:02', '2020-05-01 00:18:02', 82
968, '2019-09-09 01:17:44', '2019-09-09 02:52:44', 95
969, '2020-05-25 15:53:56', '2020-05-25 17:20:56', 87
970, '2019-07-19 01:56:37', '2019-07-19 02:49:37', 53
971, '2019-10-18 00:19:45', '2019-10-18 01:01:45', 42
972, '2020-01-15 00:39:00', '2020-01-15 01:06:00', 27
973, '2019-05-01 18:21:50', '2019-05-01 18:33:50', 12
974, '2020-01-14 22:03:24', '2020-01-14 23:30:24', 87
975, '2019-06-28 15:18:55', '2019-06-28 16:51:55', 93
976, '2019-07-13 07:37:16', '2019-07-13 08:52:16', 75
977, '2019-07-07 19:23:02', '2019-07-07 20:19:02', 56
978, '2019-09-02 18:13:37', '2019-09-02 19:53:37', 100
979, '2019-10-15 17:29:45', '2019-10-15 18:38:45', 69
980, '2019-10-20 10:45:32', '2019-10-20 11:36:32', 51
981, '2020-06-24 22:01:13', '2020-06-24 22:44:13', 43
982, '2019-09-04 12:22:28', '2019-09-04 12:23:28', 1
983, '2019-06-12 07:58:17', '2019-06-12 09:33:17', 95
984, '2020-06-15 19:10:33', '2020-06-15 20:08:33', 58
985, '2019-08-26 11:19:58', '2019-08-26 11:31:58', 12
986, '2019-09-30 05:48:04', '2019-09-30 06:16:04', 28
987, '2019-08-14 06:06:18', '2019-08-14 07:39:18', 93
988, '2019-08-05 13:42:56', '2019-08-05 14:59:56', 77
989, '2020-05-23 13:15:15', '2020-05-23 14:53:15', 98
990, '2020-04-18 04:19:49', '2020-04-18 05:59:49', 100
991, '2019-08-19 22:45:36', '2019-08-20 00:25:36', 100
992, '2020-05-24 17:37:01', '2020-05-24 18:39:01', 62
993, '2019-07-02 04:28:02', '2019-07-02 05:03:02', 35
994, '2019-11-30 13:52:14', '2019-11-30 14:13:14', 21
995, '2019-04-18 20:27:48', '2019-04-18 20:34:48', 7
996, '2020-01-09 21:51:14', '2020-01-09 22:08:14', 17
997, '2020-03-24 16:01:14', '2020-03-24 16:38:14', 37
998, '2019-04-16 10:24:20', '2019-04-16 10:29:20', 5
999, '2019-04-07 05:11:26', '2019-04-07 05:48:26', 37
1000, '2020-02-24 14:30:27', '2020-02-24 14:52:27', 22
